-- 1. Eliminar tablas si existen en orden inverso de dependencias
DROP TABLE IF EXISTS notas CASCADE;
DROP TABLE IF EXISTS matriculas CASCADE;
DROP TABLE IF EXISTS cursos CASCADE;
DROP TABLE IF EXISTS alumnos CASCADE;
DROP TABLE IF EXISTS docentes CASCADE;
DROP TABLE IF EXISTS usuarios CASCADE;
DROP TABLE IF EXISTS roles CASCADE;
DROP TABLE IF EXISTS configuracion_institucion CASCADE;

-- 2. Nueva Tabla de Configuración (Para el Singleton White-Label)
CREATE TABLE configuracion_institucion (
    id SERIAL PRIMARY KEY,
    nombre_institucion VARCHAR(150) NOT NULL,
    color_principal_hex VARCHAR(10) NOT NULL,
    logo_url VARCHAR(255) NOT NULL
);

-- 3. Tabla de Roles
CREATE TABLE roles (
    id SERIAL PRIMARY KEY,
    nombre VARCHAR(50) NOT NULL UNIQUE,
    descripcion VARCHAR(150)
);

-- 4. Tabla de Usuarios
CREATE TABLE usuarios (
    id SERIAL PRIMARY KEY,
    codigo_o_correo VARCHAR(100) NOT NULL UNIQUE,
    password VARCHAR(255) NOT NULL,
    rol_id INT NOT NULL,
    estado VARCHAR(20) DEFAULT 'ACTIVO',
    intentos_fallidos INT DEFAULT 0,
    bloqueado_hasta TIMESTAMP NULL,
    correo_personal VARCHAR(150) DEFAULT NULL,
    telefono VARCHAR(20) DEFAULT NULL,
    FOREIGN KEY (rol_id) REFERENCES roles(id) ON DELETE RESTRICT
);

-- 5. Tabla de Alumnos
CREATE TABLE alumnos (
    id SERIAL PRIMARY KEY,
    usuario_id INT NOT NULL UNIQUE,
    nombre VARCHAR(100) NOT NULL,
    apellido VARCHAR(100) NOT NULL,
    codigo_alumno VARCHAR(10) NOT NULL UNIQUE,
    carrera VARCHAR(100),
    ciclo INT DEFAULT 1,
    FOREIGN KEY (usuario_id) REFERENCES usuarios(id) ON DELETE CASCADE
);

-- 6. Tabla de Docentes
CREATE TABLE docentes (
    id SERIAL PRIMARY KEY,
    usuario_id INT NOT NULL UNIQUE,
    nombre VARCHAR(100) NOT NULL,
    apellido VARCHAR(100) NOT NULL,
    codigo_docente VARCHAR(10) NOT NULL UNIQUE,
    especialidad VARCHAR(100),
    FOREIGN KEY (usuario_id) REFERENCES usuarios(id) ON DELETE CASCADE
);

-- 7. Tabla de Cursos
CREATE TABLE cursos (
    id SERIAL PRIMARY KEY,
    codigo VARCHAR(20) NOT NULL UNIQUE,
    nombre VARCHAR(100) NOT NULL,
    creditos INT NOT NULL
);

-- 8. Tabla de Matrículas
CREATE TABLE matriculas (
    id SERIAL PRIMARY KEY,
    alumno_id INT NOT NULL,
    curso_id INT NOT NULL,
    semestre VARCHAR(10) NOT NULL,
    FOREIGN KEY (alumno_id) REFERENCES alumnos(id) ON DELETE CASCADE,
    FOREIGN KEY (curso_id) REFERENCES cursos(id) ON DELETE CASCADE,
    UNIQUE(alumno_id, curso_id, semestre)
);

-- 9. Tabla de Notas
CREATE TABLE notas (
    id SERIAL PRIMARY KEY,
    matricula_id INT NOT NULL UNIQUE,
    pc1 NUMERIC(4,2) DEFAULT 0.00,
    pc2 NUMERIC(4,2) DEFAULT 0.00,
    pc3 NUMERIC(4,2) DEFAULT 0.00,
    examen_parcial NUMERIC(4,2) DEFAULT 0.00,
    examen_final NUMERIC(4,2) DEFAULT 0.00,
    promedio_final NUMERIC(4,2) DEFAULT 0.00,
    FOREIGN KEY (matricula_id) REFERENCES matriculas(id) ON DELETE CASCADE
);

-- =========================================================================
-- DATOS SEMILLA (INSERT DATA)
-- =========================================================================

INSERT INTO configuracion_institucion (id, nombre_institucion, color_principal_hex, logo_url) VALUES
(1, 'Colegio San Ignacio', '#0d6efd', 'assets/img/logo_default.png');

INSERT INTO roles (id, nombre, descripcion) VALUES
(1, 'ADMIN', 'Administrador del sistema con acceso total'),
(2, 'DOCENTE', 'Docente que registra notas y visualiza alumnos'),
(3, 'ALUMNO', 'Alumno que visualiza sus cursos, notas y material');

INSERT INTO usuarios (id, codigo_o_correo, password, rol_id, estado, intentos_fallidos, bloqueado_hasta) VALUES
(1, 'admin@usil.edu.pe', '2345678', 1, 'ACTIVO', 0, NULL),
(2, 'hervert.navarro@usil.pe', '2345678', 2, 'ACTIVO', 0, NULL),
(3, 'tania.torresa@usil.pe', '2345678', 2, 'ACTIVO', 0, NULL),
(4, 'luis.salazarma@epg.usil.pe', '2345678', 2, 'ACTIVO', 0, NULL),
(5, 'hector.delgadoe@usil.pe', '2345678', 2, 'ACTIVO', 0, NULL),
(6, 'humberto.gutierrez@epg.usil.pe', '2345678', 2, 'ACTIVO', 0, NULL),
(7, 'zue.abregu@usil.pe', '2345678', 3, 'ACTIVO', 0, NULL),
(8, 'jose.agramonte@usil.pe', '2345678', 3, 'ACTIVO', 0, NULL),
(9, 'claudio.aguero@usil.pe', '2345678', 3, 'ACTIVO', 0, NULL),
(10, 'keyla.aguilar@usil.pe', '2345678', 3, 'ACTIVO', 0, NULL),
(11, 'nill.alata@usil.pe', '2345678', 3, 'ACTIVO', 0, NULL),
(12, 'adrian.alcala@usil.pe', '2345678', 3, 'ACTIVO', 0, NULL),
(13, 'natalia.alegre@usil.pe', '2345678', 3, 'ACTIVO', 0, NULL),
(14, 'jair.alfaro@usil.pe', '2345678', 3, 'ACTIVO', 0, NULL),
(15, 'eylin.alvarez@usil.pe', '2345678', 3, 'ACTIVO', 0, NULL),
(16, 'frank.angeles@usil.pe', '2345678', 3, 'ACTIVO', 0, NULL),
(17, 'mariana.apena@usil.pe', '2345678', 3, 'ACTIVO', 0, NULL),
(18, 'renzo.aquino@usil.pe', '2345678', 3, 'ACTIVO', 0, NULL),
(19, 'sunmy.araujo@usil.pe', '2345678', 3, 'ACTIVO', 0, NULL),
(20, 'carlos.arenasm@usil.pe', '2345678', 3, 'ACTIVO', 0, NULL),
(21, 'victor.ariasr@usil.pe', '2345678', 3, 'ACTIVO', 0, NULL),
(22, 'sergio.arone@usil.pe', '2345678', 3, 'ACTIVO', 0, NULL),
(23, 'liliana.artica@usil.pe', '2345678', 3, 'ACTIVO', 0, NULL),
(24, 'jose.aylas@usil.pe', '2345678', 3, 'ACTIVO', 0, NULL),
(25, 'samir.ayvar@usil.pe', '2345678', 3, 'ACTIVO', 0, NULL),
(26, 'alexandra.anazco@usil.pe', '2345678', 3, 'ACTIVO', 0, NULL),
(27, 'lenin.barboza@usil.pe', '2345678', 3, 'ACTIVO', 0, NULL),
(28, 'rosa.barbozar@usil.pe', '2345678', 3, 'ACTIVO', 0, NULL),
(29, 'diego.barreto@usil.pe', '2345678', 3, 'ACTIVO', 0, NULL),
(30, 'aylin.bazan@usil.pe', '2345678', 3, 'ACTIVO', 0, NULL),
(31, 'saul.bellido@usil.pe', '2345678', 3, 'ACTIVO', 0, NULL),
(32, 'adair.bendezu@usil.pe', '2345678', 3, 'ACTIVO', 0, NULL),
(33, 'juan.benitesp@usil.pe', '2345678', 3, 'ACTIVO', 0, NULL),
(34, 'astrid.bernable@usil.pe', '2345678', 3, 'ACTIVO', 0, NULL),
(35, 'piero.bernardo@usil.pe', '2345678', 3, 'ACTIVO', 0, NULL),
(36, 'joaquin.bohorquez@usil.pe', '2345678', 3, 'ACTIVO', 0, NULL),
(37, 'rodrigo.bravoa@usil.pe', '2345678', 3, 'ACTIVO', 0, NULL),
(38, 'valery.caballero@usil.pe', '2345678', 3, 'ACTIVO', 0, NULL),
(39, 'stephannie.castillo@usil.pe', '2345678', 3, 'ACTIVO', 0, NULL),
(40, 'mariana.castillo@usil.pe', '2345678', 3, 'ACTIVO', 0, NULL),
(41, 'nayely.castillo@usil.pe', '2345678', 3, 'ACTIVO', 0, NULL),
(42, 'david.castro@usil.pe', '2345678', 3, 'ACTIVO', 0, NULL),
(43, 'yarel.chanca@usil.pe', '2345678', 3, 'ACTIVO', 0, NULL),
(44, 'fabian.chavezv@usil.pe', '2345678', 3, 'ACTIVO', 0, NULL),
(45, 'daniela.chero@usil.pe', '2345678', 3, 'ACTIVO', 0, NULL),
(46, 'franco.chihuan@usil.pe', '2345678', 3, 'ACTIVO', 0, NULL),
(47, 'benjamin.ciriaco@usil.pe', '2345678', 3, 'ACTIVO', 0, NULL),
(48, 'jean.condorm@usil.pe', '2345678', 3, 'ACTIVO', 0, NULL),
(49, 'diego.correa@usil.pe', '2345678', 3, 'ACTIVO', 0, NULL),
(50, 'rodrigo.correa@usil.pe', '2345678', 3, 'ACTIVO', 0, NULL),
(51, 'javier.costa@usil.pe', '2345678', 3, 'ACTIVO', 0, NULL),
(52, 'nayeli.cristobal@usil.pe', '2345678', 3, 'ACTIVO', 0, NULL),
(53, 'flor.cruz@usil.pe', '2345678', 3, 'ACTIVO', 0, NULL),
(54, 'camila.cruz@usil.pe', '2345678', 3, 'ACTIVO', 0, NULL),
(55, 'john.cueto@usil.pe', '2345678', 3, 'ACTIVO', 0, NULL),
(56, 'ariana.delacruzar@usil.pe', '2345678', 3, 'ACTIVO', 0, NULL),
(57, 'johan.delacruz@usil.pe', '2345678', 3, 'ACTIVO', 0, NULL),
(58, 'juver.delacruz@usil.pe', '2345678', 3, 'ACTIVO', 0, NULL),
(59, 'alexa.diazy@usil.pe', '2345678', 3, 'ACTIVO', 0, NULL),
(60, 'sebastian.espinozaa@usil.pe', '2345678', 3, 'ACTIVO', 0, NULL),
(61, 'yanira.espinoza@usil.pe', '2345678', 3, 'ACTIVO', 0, NULL),
(62, 'jose.floresg@usil.pe', '2345678', 3, 'ACTIVO', 0, NULL),
(63, 'francisco.francod@usil.pe', '2345678', 3, 'ACTIVO', 0, NULL),
(64, 'aldair.galarza@usil.pe', '2345678', 3, 'ACTIVO', 0, NULL),
(65, 'mauricio.gamarra@usil.pe', '2345678', 3, 'ACTIVO', 0, NULL),
(66, 'erick.gambini@usil.pe', '2345678', 3, 'ACTIVO', 0, NULL),
(67, 'amara.gamio@usil.pe', '2345678', 3, 'ACTIVO', 0, NULL),
(68, 'ander.garcia@usil.pe', '2345678', 3, 'ACTIVO', 0, NULL),
(69, 'marco.garciar@usil.pe', '2345678', 3, 'ACTIVO', 0, NULL),
(70, 'nicolas.giron@usil.pe', '2345678', 3, 'ACTIVO', 0, NULL),
(71, 'david.gonzalesn@usil.pe', '2345678', 3, 'ACTIVO', 0, NULL),
(72, 'maria.guerrac@usil.pe', '2345678', 3, 'ACTIVO', 0, NULL),
(73, 'jahlove.guerrero@usil.pe', '2345678', 3, 'ACTIVO', 0, NULL),
(74, 'fares.hilarion@usil.pe', '2345678', 3, 'ACTIVO', 0, NULL),
(75, 'eddy.hinostroza@usil.pe', '2345678', 3, 'ACTIVO', 0, NULL),
(76, 'guillermo.hoyos@usil.pe', '2345678', 3, 'ACTIVO', 0, NULL),
(77, 'diego.huamanm@usil.pe', '2345678', 3, 'ACTIVO', 0, NULL),
(78, 'oscar.huaranga@usil.pe', '2345678', 3, 'ACTIVO', 0, NULL),
(79, 'almendra.hurtado@usil.pe', '2345678', 3, 'ACTIVO', 0, NULL),
(80, 'thiago.ibarra@usil.pe', '2345678', 3, 'ACTIVO', 0, NULL),
(81, 'ariana.jimenezl@usil.pe', '2345678', 3, 'ACTIVO', 0, NULL),
(82, 'sergio.laredo@usil.pe', '2345678', 3, 'ACTIVO', 0, NULL),
(83, 'jerry.laura@usil.pe', '2345678', 3, 'ACTIVO', 0, NULL),
(84, 'javier.leonb@usil.pe', '2345678', 3, 'ACTIVO', 0, NULL),
(85, 'josue.leon@usil.pe', '2345678', 3, 'ACTIVO', 0, NULL),
(86, 'alex.lifoncio@usil.pe', '2345678', 3, 'ACTIVO', 0, NULL),
(87, 'jose.llallico@usil.pe', '2345678', 3, 'ACTIVO', 0, NULL),
(88, 'arliss.lopez@usil.pe', '2345678', 3, 'ACTIVO', 0, NULL),
(89, 'miell.luciani@usil.pe', '2345678', 3, 'ACTIVO', 0, NULL),
(90, 'melanie.ludena@usil.pe', '2345678', 3, 'ACTIVO', 0, NULL),
(91, 'yamile.macha@usil.pe', '2345678', 3, 'ACTIVO', 0, NULL),
(92, 'yazid.mallma@usil.pe', '2345678', 3, 'ACTIVO', 0, NULL),
(93, 'daira.marin@usil.pe', '2345678', 3, 'ACTIVO', 0, NULL),
(94, 'matias.marinoz@usil.pe', '2345678', 3, 'ACTIVO', 0, NULL),
(95, 'bruno.marquezv@usil.pe', '2345678', 3, 'ACTIVO', 0, NULL),
(96, 'diana.martineza@usil.pe', '2345678', 3, 'ACTIVO', 0, NULL),
(97, 'hans.medina@usil.pe', '2345678', 3, 'ACTIVO', 0, NULL),
(98, 'xiomara.medina@usil.pe', '2345678', 3, 'ACTIVO', 0, NULL),
(99, 'sebastian.misaico@usil.pe', '2345678', 3, 'ACTIVO', 0, NULL),
(100, 'carlos.montano@usil.pe', '2345678', 3, 'ACTIVO', 0, NULL),
(101, 'luis.montesc@usil.pe', '2345678', 3, 'ACTIVO', 0, NULL),
(102, 'ayrton.mori@usil.pe', '2345678', 3, 'ACTIVO', 0, NULL),
(103, 'scherezada.murillo@usil.pe', '2345678', 3, 'ACTIVO', 0, NULL),
(104, 'marco.nakashima@usil.pe', '2345678', 3, 'ACTIVO', 0, NULL),
(105, 'juan.navarrod@usil.pe', '2345678', 3, 'ACTIVO', 0, NULL),
(106, 'miguel.nivin@usil.pe', '2345678', 3, 'ACTIVO', 0, NULL),
(107, 'rodrigo.nunja@usil.pe', '2345678', 3, 'ACTIVO', 0, NULL),
(108, 'rodrigo.ocampor@usil.pe', '2345678', 3, 'ACTIVO', 0, NULL),
(109, 'dante.ortega@usil.pe', '2345678', 3, 'ACTIVO', 0, NULL),
(110, 'alexis.palomino@usil.pe', '2345678', 3, 'ACTIVO', 0, NULL),
(111, 'renato.patino@usil.pe', '2345678', 3, 'ACTIVO', 0, NULL),
(112, 'shannde.paucar@usil.pe', '2345678', 3, 'ACTIVO', 0, NULL),
(113, 'juan.perezco@usil.pe', '2345678', 3, 'ACTIVO', 0, NULL),
(114, 'gustavo.quispec@usil.pe', '2345678', 3, 'ACTIVO', 0, NULL),
(115, 'marco.riojasp@usil.pe', '2345678', 3, 'ACTIVO', 0, NULL),
(116, 'gianluca.rivera@usil.pe', '2345678', 3, 'ACTIVO', 0, NULL),
(117, 'solange.rivero@usil.pe', '2345678', 3, 'ACTIVO', 0, NULL),
(118, 'paola.romero@usil.pe', '2345678', 3, 'ACTIVO', 0, NULL),
(119, 'kevin.ruizb@usil.pe', '2345678', 3, 'ACTIVO', 0, NULL),
(120, 'fabrizio.ruiz@usil.pe', '2345678', 3, 'ACTIVO', 0, NULL),
(121, 'kevin.ruizq@usil.pe', '2345678', 3, 'ACTIVO', 0, NULL),
(122, 'antonio.salass@usil.pe', '2345678', 3, 'ACTIVO', 0, NULL),
(123, 'rodrigo.salcedom@usil.pe', '2345678', 3, 'ACTIVO', 0, NULL),
(124, 'leonardo.salerno@usil.pe', '2345678', 3, 'ACTIVO', 0, NULL),
(125, 'dayron.sallo@usil.pe', '2345678', 3, 'ACTIVO', 0, NULL),
(126, 'anibal.salvador@usil.pe', '2345678', 3, 'ACTIVO', 0, NULL),
(127, 'juan.sanchezq@usil.pe', '2345678', 3, 'ACTIVO', 0, NULL),
(128, 'diego.sanchezse@usil.pe', '2345678', 3, 'ACTIVO', 0, NULL),
(129, 'carlos.santamariav@usil.pe', '2345678', 3, 'ACTIVO', 0, NULL),
(130, 'samira.santisteban@usil.pe', '2345678', 3, 'ACTIVO', 0, NULL),
(131, 'alejandro.santos@usil.pe', '2345678', 3, 'ACTIVO', 0, NULL),
(132, 'yosselin.serpa@usil.pe', '2345678', 3, 'ACTIVO', 0, NULL),
(133, 'britssi.solano@usil.pe', '2345678', 3, 'ACTIVO', 0, NULL),
(134, 'daira.solis@usil.pe', '2345678', 3, 'ACTIVO', 0, NULL),
(135, 'daniela.soller@usil.pe', '2345678', 3, 'ACTIVO', 0, NULL),
(136, 'silvana.tasayco@usil.pe', '2345678', 3, 'ACTIVO', 0, NULL),
(137, 'luana.tello@usil.pe', '2345678', 3, 'ACTIVO', 0, NULL),
(138, 'maria.valenciaa@usil.pe', '2345678', 3, 'ACTIVO', 0, NULL),
(139, 'gianella.valenzuela@usil.pe', '2345678', 3, 'ACTIVO', 0, NULL),
(140, 'sebastian.valenzuela@usil.pe', '2345678', 3, 'ACTIVO', 0, NULL),
(141, 'jhon.vargas@usil.pe', '2345678', 3, 'ACTIVO', 0, NULL),
(142, 'nayely.vega@usil.pe', '2345678', 3, 'ACTIVO', 0, NULL),
(143, 'kevin.ventocilla@usil.pe', '2345678', 3, 'ACTIVO', 0, NULL),
(144, 'juliano.vera@usil.pe', '2345678', 3, 'ACTIVO', 0, NULL),
(145, 'alonso.villar@usil.pe', '2345678', 3, 'ACTIVO', 0, NULL),
(146, 'ximena.villavicencio@usil.pe', '2345678', 3, 'ACTIVO', 0, NULL),
(147, 'gianpierre.walde@usil.pe', '2345678', 3, 'ACTIVO', 0, NULL),
(148, 'henry.yeren@usil.pe', '2345678', 3, 'ACTIVO', 0, NULL),
(149, 'steffi.yurivilca@usil.pe', '2345678', 3, 'ACTIVO', 0, NULL);

INSERT INTO docentes (id, usuario_id, nombre, apellido, codigo_docente, especialidad) VALUES
(1, 2, 'HERVERT FRANCISCO', 'NAVARRO VELA', 'D20260001', 'ANÁLISIS Y DISEÑO DE SISTEMAS I'),
(2, 3, 'TANIA', 'TORRES APONTE', 'D20260002', 'ESTADÍSTICA DESCRIPTIVA E INFERENCIA ESTADÍSTICA'),
(3, 4, 'LUIS ALBERTO', 'SALAZAR MARIÑOS', 'D20260003', 'INTERACCIÓN HUMANO COMPUTADOR'),
(4, 5, 'HECTOR ODIN', 'DELGADO ENRIQUEZ', 'D20260004', 'PROGRAMACIÓN ORIENTADA A OBJETOS II'),
(5, 6, 'HUMBERTO GABRIEL', 'GUTIERREZ HURTADO', 'D20260005', 'GESTIÓN POR PROCESOS');

INSERT INTO alumnos (id, usuario_id, nombre, apellido, codigo_alumno, carrera, ciclo) VALUES
(1, 7, 'ZUE YADIRA', 'ABREGU CALLAÑAUPA', '2321262', 'ING SIST. INFORMACION', 1),
(2, 8, 'JOSE FERNANDO', 'AGRAMONTE SANCHEZ', '2320052', 'ING SIST. INFORMACION', 1),
(3, 9, 'CLAUDIO', 'AGUERO REUSCHE', '2510543', 'ING SIST. INFORMACION', 1),
(4, 10, 'KEYLA REYNA', 'AGUILAR MEGO', '2511627', 'ING SIST. INFORMACION', 1),
(5, 11, 'NILL YOSHUA', 'ALATA CRISOSTOMO', '2220332', 'ING SIST. INFORMACION', 1),
(6, 12, 'ADRIAN RENATO', 'ALCALA BARZOLA', '2512775', 'ING SIST. INFORMACION', 1),
(7, 13, 'NATALIA MARIA', 'ALEGRE FABIAN', '2421142', 'ING SIST. INFORMACION', 1),
(8, 14, 'JAIR JESUS', 'ALFARO SANCHEZ', '2511367', 'ING SIST. INFORMACION', 1),
(9, 15, 'EYLIN STEFANY', 'ALVAREZ PALOMINO', '2411442', 'ING SIST. INFORMACION', 1),
(10, 16, 'FRANK', 'ANGELES RODRIGUEZ', '2410546', 'ING SIST. INFORMACION', 1),
(11, 17, 'MARIANA JACQUELINE', 'APEÑA RAMIREZ', '2510996', 'ING SIST. INFORMACION', 1),
(12, 18, 'RENZO ELISEO', 'AQUINO DELGADO', '2310513', 'ING SIST. INFORMACION', 1),
(13, 19, 'SUNMY MARYORID', 'ARAUJO PARIONA', '2510564', 'ING SIST. INFORMACION', 1),
(14, 20, 'CARLOS LEONARDO', 'ARENAS MINAYA', '2510123', 'ING SIST. INFORMACION', 1),
(15, 21, 'VICTOR JOAQUIN', 'ARIAS RODRIGUEZ', '2512854', 'ING SIST. INFORMACION', 1),
(16, 22, 'SERGIO ANDRE', 'ARONE MARTINEZ', '1820351', 'ING SIST. INFORMACION', 1),
(17, 23, 'LILIANA DE LOS ANGELES', 'ARTICA APACLLA', '2411327', 'ING SIST. INFORMACION', 1),
(18, 24, 'JOSE FIDEL', 'AYLAS GUTIERREZ', '2410142', 'ING SIST. INFORMACION', 1),
(19, 25, 'SAMIR ALEXIS', 'AYVAR BARRANTES', '2411427', 'ING SIST. INFORMACION', 1),
(20, 26, 'ALEXANDRA XIOMARA', 'AÑAZCO VALVERDE', '2410212', 'ING SIST. INFORMACION', 1),
(21, 27, 'LENIN JUNIOR', 'BARBOZA QUISPE', '2510658', 'ING SIST. INFORMACION', 1),
(22, 28, 'ROSA VALESKA NAREL', 'BARBOZA RODIL', '2512004', 'ING SIST. INFORMACION', 1),
(23, 29, 'DIEGO MANUEL', 'BARRETO MORENO', '2412461', 'ING SIST. INFORMACION', 1),
(24, 30, 'AYLIN MILAGROS', 'BAZAN NAVANRO', '2511039', 'ING SIST. INFORMACION', 1),
(25, 31, 'SAUL ALESSANDRO', 'BELLIDO PACHERRES', '2311930', 'ING SIST. INFORMACION', 1),
(26, 32, 'ADAIR EISEN', 'BENDEZU LOPEZ', '2512030', 'ING SIST. INFORMACION', 1),
(27, 33, 'JUAN DAVID', 'BENITES PASTOR', '2510596', 'ING SIST. INFORMACION', 1),
(28, 34, 'ASTRID GUADALUPE', 'BERNABLE GUTIERREZ', '2511686', 'ING SIST. INFORMACION', 1),
(29, 35, 'PIERO SAMUEL', 'BERNARDO RUIZ', '2320477', 'ING SIST. INFORMACION', 1),
(30, 36, 'JOAQUIN GUSTAVO', 'BOHORQUEZ DE LA CRUZ', '2421464', 'ING SIST. INFORMACION', 1),
(31, 37, 'RODRIGO JOSE', 'BRAVO ASENJO', '2512028', 'ING SIST. INFORMACION', 1),
(32, 38, 'VALERY MADELEIN ROSSE', 'CABALLERO ALAVA', '2522029', 'ING SIST. INFORMACION', 1),
(33, 39, 'STEPHANNIE ADRIANA', 'CASTILLO AYBAR', '2421661', 'ING SIST. INFORMACION', 1),
(34, 40, 'MARIANA ALEJANDRA', 'CASTILLO CANO', '2510129', 'ING SIST. INFORMACION', 1),
(35, 41, 'NAYELY MISHELL', 'CASTILLO GARAY', '2512810', 'ING SIST. INFORMACION', 1),
(36, 42, 'DAVID', 'CASTRO CARHUAPOMA', '2421357', 'ING SIST. INFORMACION', 1),
(37, 43, 'YAREL JOSHUA', 'CHANCA MELGAR', '2411997', 'ING SIST. INFORMACION', 1),
(38, 44, 'FABIAN AUGUSTO', 'CHAVEZ VILLAVICENCIO', '2510158', 'ING SIST. INFORMACION', 1),
(39, 45, 'DANIELA ALEXANDRA', 'CHERO IZQUIERDO', '2510353', 'ING SIST. INFORMACION', 1),
(40, 46, 'FRANCO SAUL', 'CHIHUAN SANCHEZ', '2211546', 'ING SIST. INFORMACION', 1),
(41, 47, 'BENJAMIN CALEB', 'CIRIACO RUIZ', '2421173', 'ING SIST. INFORMACION', 1),
(42, 48, 'JEAN PIER ALEXANDER', 'CONDOR MACHACUAY', '2412765', 'ING SIST. INFORMACION', 1),
(43, 49, 'DIEGO ALONSO', 'CORREA VIA', '2421562', 'ING SIST. INFORMACION', 1),
(44, 50, 'RODRIGO ANDRE', 'CORREA YACILA', '2410590', 'ING SIST. INFORMACION', 1),
(45, 51, 'JAVIER ENRIQUE', 'COSTA SARAVIA', '2510668', 'ING SIST. INFORMACION', 1),
(46, 52, 'NAYELI INGRI', 'CRISTOBAL BARZOLA', '2320123', 'ING SIST. INFORMACION', 1),
(47, 53, 'FLOR', 'CRUZ BARAZORDA', '2412666', 'ING SIST. INFORMACION', 1),
(48, 54, 'CAMILA LETICIA', 'CRUZ CABRERA', '2510516', 'ING SIST. INFORMACION', 1),
(49, 55, 'JOHN LENNON', 'CUETO VILCHEZ', '2411293', 'ING SIST. INFORMACION', 1),
(50, 56, 'ARIANA LUANA', 'DE LA CRUZ ARDILES', '2410957', 'ING SIST. INFORMACION', 1),
(51, 57, 'JOHAN CESAR', 'DE LA CRUZ MORENO', '2522648', 'ING SIST. INFORMACION', 1),
(52, 58, 'JUVER ADRIAN', 'DE LA CRUZ SANCHEZ', '2512674', 'ING SIST. INFORMACION', 1),
(53, 59, 'ALEXA', 'DIAZ YAMASHITA', '2510346', 'ING SIST. INFORMACION', 1),
(54, 60, 'SEBASTIAN SAID', 'ESPINOZA AGUIRRE', '2113390', 'ING SIST. INFORMACION', 1),
(55, 61, 'YANIRA MILAGROS', 'ESPINOZA PEREZ', '2412362', 'ING SIST. INFORMACION', 1),
(56, 62, 'JOSE LUIS', 'FLORES GOMEZ', '2321068', 'ING SIST. INFORMACION', 1),
(57, 63, 'FRANCISCO AARON', 'FRANCO DE LA TORRE', '2321320', 'ING SIST. INFORMACION', 1),
(58, 64, 'ALDAIR JHONATAN', 'GALARZA MARTINEN', '2312599', 'ING SIST. INFORMACION', 1),
(59, 65, 'MAURICIO RODRIGO', 'GAMARRA ALVARADO', '2511712', 'ING SIST. INFORMACION', 1),
(60, 66, 'ERIK PAOLO', 'GAMBINI LLATAS', '2221063', 'ING SIST. INFORMACION', 1),
(61, 67, 'AMARA SOFIA', 'GAMIO PERAMAS', '2411129', 'ING SIST. INFORMACION', 1),
(62, 68, 'ANDER HADID', 'GARCIA FERNANDEZ', '2411405', 'ING SIST. INFORMACION', 1),
(63, 69, 'MARCO ANTONIO', 'GARCIA RAYME', '2412712', 'ING SIST. INFORMACION', 1),
(64, 70, 'NICOLAS ALONSO', 'GIRON RICARDO', '2510360', 'ING SIST. INFORMACION', 1),
(65, 71, 'DAVID GUILLERMO', 'GONZALES NEYRA', '2220425', 'ING SIST. INFORMACION', 1),
(66, 72, 'MARIA FERNANDA', 'GUERRA COTRINA', '2510766', 'ING SIST. INFORMACION', 1),
(67, 73, 'JAHLOVE SABAH', 'GUERRERO VALENCIA', '2310819', 'ING SIST. INFORMACION', 1),
(68, 74, 'FARES FABIAN', 'HILARION CORNEJO', '2320934', 'ING SIST. INFORMACION', 1),
(69, 75, 'EDDY ALEXIS', 'HINOSTROZA GALINDO', '2522038', 'ING SIST. INFORMACION', 1),
(70, 76, 'GUILLERMO ENRIQUE', 'HOYOS PALOMARES', '2510682', 'ING SIST. INFORMACION', 1),
(71, 77, 'DIEGO JULIO', 'HUAMAN MARTINEZ', '2412310', 'ING SIST. INFORMACION', 1),
(72, 78, 'OSCAR RODRIGO', 'HUARANGA HERRERA', '2321174', 'ING SIST. INFORMACION', 1),
(73, 79, 'ALMENDRA ABIGAIL', 'HURTADO MARTINEZ', '2421910', 'ING SIST. INFORMACION', 1),
(74, 80, 'THIAGO ANDRE', 'IBARRA DEL CASTILLO', '2410309', 'ING SIST. INFORMACION', 1),
(75, 81, 'ARIANA SULEICA', 'JIMENEZ LLOCYA', '2513317', 'ING SIST. INFORMACION', 1),
(76, 82, 'SERGIO ANDRE', 'LAREDO EGOAVIL', '2510068', 'ING SIST. INFORMACION', 1),
(77, 83, 'JERRY ROLAND', 'LAURA CHAVARRIA', '2614866', 'ING SIST. INFORMACION', 1),
(78, 84, 'JAVIER GABRIEL', 'LEON BASALDUA', '2411706', 'ING SIST. INFORMACION', 1),
(79, 85, 'JOSUE JESUS', 'LEON VILLA', '2320529', 'ING SIST. INFORMACION', 1),
(80, 86, 'ALEX BHERNY', 'LIFONCIO SERNAQUE', '2421643', 'ING SIST. INFORMACION', 1),
(81, 87, 'JOSE FABRIZIO', 'LLALLICO QUIROZ', '2120354', 'ING SIST. INFORMACION', 1),
(82, 88, 'ARLISS OWEN', 'LOPEZ SARMIENTO', '2511314', 'ING SIST. INFORMACION', 1),
(83, 89, 'MIELL SHARELY TATIANA', 'LUCIANI LICAS', '2412004', 'ING SIST. INFORMACION', 1),
(84, 90, 'MELANIE GERALDINE', 'LUDEÑA MORALES', '1710370', 'ING SIST. INFORMACION', 1),
(85, 91, 'YAMILLE AILI', 'MACHA QUIÑONES', '2512180', 'ING SIST. INFORMACION', 1),
(86, 92, 'YAZID BRIAN', 'MALLMA BARZOLA', '2411775', 'ING SIST. INFORMACION', 1),
(87, 93, 'DAIRA DANAE', 'MARIN LUMBRE', '2512193', 'ING SIST. INFORMACION', 1),
(88, 94, 'MATIAS SEBASTIAN WILBER', 'MARIÑOZ GARCIA', '2421783', 'ING SIST. INFORMACION', 1),
(89, 95, 'BRUNO', 'MARQUEZ VALENZUELA', '2410100', 'ING SIST. INFORMACION', 1),
(90, 96, 'DIANA RAQUEL PAULINA', 'MARTINEZ AQUINO', '2112789', 'ING SIST. INFORMACION', 1),
(91, 97, 'HANS RAFAEL', 'MEDINA RUIZ', '2511706', 'ING SIST. INFORMACION', 1),
(92, 98, 'XIOMARA ANYELIE', 'MEDINA VASQUEZ', '2510997', 'ING SIST. INFORMACION', 1),
(93, 99, 'SEBASTIAN ADRIAN', 'MISAICO BUSTIOS', '2312807', 'ING SIST. INFORMACION', 1),
(94, 100, 'CARLOS ELOY', 'MONTAÑO ESCOBAR', '2512655', 'ING SIST. INFORMACION', 1),
(95, 101, 'LUIS LEONARDO', 'MONTES COSME', '2421311', 'ING SIST. INFORMACION', 1),
(96, 102, 'AYRTON', 'MORI GONZALES', '2511529', 'ING SIST. INFORMACION', 1),
(97, 103, 'SCHEREZADA ARLETTE', 'MURILLO DEL AGUILA', '2511166', 'ING SIST. INFORMACION', 1),
(98, 104, 'MARCO ANTONIO', 'NAKASHIMA ESPINOZA', '2411946', 'ING SIST. INFORMACION', 1),
(99, 105, 'JUAN DIEGO', 'NAVARRO DELGADO', '2411382', 'ING SIST. INFORMACION', 1),
(100, 106, 'MIGUEL EUSEBIO', 'NIVIN SANTIAGO', '2614339', 'ING SIST. INFORMACION', 1),
(101, 107, 'RODRIGO ARMANDO', 'NUNJA QUIÑONES', '2511145', 'ING SIST. INFORMACION', 1),
(102, 108, 'RODRIGO ALESSANDER', 'OCAMPO RODRIGUEZ', '2410774', 'ING SIST. INFORMACION', 1),
(103, 109, 'DANTE JESUS', 'ORTEGA PAZ', '2510923', 'ING SIST. INFORMACION', 1),
(104, 110, 'ALEXIS FERNANDO', 'PALOMINO REYMUNDO', '2421681', 'ING SIST. INFORMACION', 1),
(105, 111, 'RENATO ENRIQUE', 'PATIÑO QUISPE', '2410049', 'ING SIST. INFORMACION', 1),
(106, 112, 'SHANNDE JAVIER', 'PAUCAR LAVADO', '2421949', 'ING SIST. INFORMACION', 1),
(107, 113, 'JUAN ANTONIO', 'PEREZ CONCHA', '2320386', 'ING SIST. INFORMACION', 1),
(108, 114, 'GUSTAVO RAUL', 'QUISPE CABRERA', '2320523', 'ING SIST. INFORMACION', 1),
(109, 115, 'MARCO AURELIO', 'RIOJAS PATIÑO', '2412374', 'ING SIST. INFORMACION', 1),
(110, 116, 'GIANLUCA', 'RIVERA JAUREGUI', '2412418', 'ING SIST. INFORMACION', 1),
(111, 117, 'SOLANGE DAFNE', 'RIVERO CAILLAUX', '2312167', 'ING SIST. INFORMACION', 1),
(112, 118, 'PAOLA ROSMERY', 'ROMERO RAMIREZ', '2221241', 'ING SIST. INFORMACION', 1),
(113, 119, 'KEVIN JESUS', 'RUIZ BALDOCEDA', '2411109', 'ING SIST. INFORMACION', 1),
(114, 120, 'FABRIZIO DENNIS', 'RUIZ HURTADO', '2522998', 'ING SIST. INFORMACION', 1),
(115, 121, 'KEVIN ALEXANDER', 'RUIZ QUISPE', '2411371', 'ING SIST. INFORMACION', 1),
(116, 122, 'JOSEHP ANTONIO', 'SALAS SERPA', '2410553', 'ING SIST. INFORMACION', 1),
(117, 123, 'RODRIGO STEPHANO', 'SALCEDO MENDIVIL', '2410409', 'ING SIST. INFORMACION', 1),
(118, 124, 'LEONARDO ANDRE', 'SALERNO VASQUEZ', '2410060', 'ING SIST. INFORMACION', 1),
(119, 125, 'DAYRON BREXLER', 'SALLO PEÑA', '2512620', 'ING SIST. INFORMACION', 1),
(120, 126, 'ANIBAL JUNIOR', 'SALVADOR CASTRO', '2510574', 'ING SIST. INFORMACION', 1),
(121, 127, 'JUAN LEONARDO', 'SANCHEZ QUISPE', '2412286', 'ING SIST. INFORMACION', 1),
(122, 128, 'DIEGO ALFREDO', 'SANCHEZ SEGUIL', '2421688', 'ING SIST. INFORMACION', 1),
(123, 129, 'CARLOS MATIAS', 'SANTAMARIA VILLANUEVA', '2411575', 'ING SIST. INFORMACION', 1),
(124, 130, 'SAMIRA BELEN', 'SANTISTEBAN ASIN', '2511269', 'ING SIST. INFORMACION', 1),
(125, 131, 'ALEJANDRO FERNANDO', 'SANTOS URETA', '2412829', 'ING SIST. INFORMACION', 1),
(126, 132, 'YOSSELIN NICOLE', 'SERPA QUIÑONES', '2411272', 'ING SIST. INFORMACION', 1),
(127, 133, 'BRITSSI ARACELLY', 'SOLANO CCANTO', '2421447', 'ING SIST. INFORMACION', 1),
(128, 134, 'DAIRA BERENICE', 'SOLIS LARRAURI', '2410167', 'ING SIST. INFORMACION', 1),
(129, 135, 'DANIELA ALEXANDRA', 'SOLLER RAMOS', '2120322', 'ING SIST. INFORMACION', 1),
(130, 136, 'SILVANA FLAVIA', 'TASAYCO BAZALAR', '2510380', 'ING SIST. INFORMACION', 1),
(131, 137, 'LUANA ABIGAIL', 'TELLO VISALOT', '2510478', 'ING SIST. INFORMACION', 1),
(132, 138, 'MARIA FE ANTONELLA', 'VALENCIA ALVARADO', '2511123', 'ING SIST. INFORMACION', 1),
(133, 139, 'GIANELLA MAGALY', 'VALENZUELA MIGUEL', '2422005', 'ING SIST. INFORMACION', 1),
(134, 140, 'SEBASTIAN HERNAN', 'VALENZUELA NUÑEZ', '2421825', 'ING SIST. INFORMACION', 1),
(135, 141, 'JHON RODRIGO', 'VARGAS CHUQUICHANCA', '2113305', 'ING SIST. INFORMACION', 1),
(136, 142, 'NAYELY MADISON LISBETH', 'VEGA PACHECO', '2421766', 'ING SIST. INFORMACION', 1),
(137, 143, 'KEVIN DIEGO', 'VENTOCILLA ALEJO', '2310411', 'ING SIST. INFORMACION', 1),
(138, 144, 'JULIANO LEANDRO', 'VERA MENDEZ', '2312197', 'ING SIST. INFORMACION', 1),
(139, 145, 'ALONSO ENRIQUE', 'VILLAR ARIAS', '2410737', 'ING SIST. INFORMACION', 1),
(140, 146, 'XIMENA SIOMARA', 'VILLAVICENCIO VELASQUEZ', '2511592', 'ING SIST. INFORMACION', 1),
(141, 147, 'GIANPIERRE JHON', 'WALDE CHAUCA', '2410764', 'ING SIST. INFORMACION', 1),
(142, 148, 'HENRY EDUARDO', 'YEREN ALMEYDA', '2411036', 'ING SIST. INFORMACION', 1),
(143, 149, 'STEFFI IRENE', 'YURIVILCA LAUREANO', '2422038', 'ING SIST. INFORMACION', 1);

INSERT INTO cursos (id, codigo, nombre, creditos) VALUES
(1, 'FC-PREISI04A01M', 'ANÁLISIS Y DISEÑO DE SISTEMAS I', 4),
(2, 'FC-VIREMP03E01', 'ESTADÍSTICA DESCRIPTIVA E INFERENCIA ESTADÍSTICA', 4),
(3, 'FC-PREISF05B01M', 'INTERACCIÓN HUMANO COMPUTADOR', 4),
(4, 'FC-PREIEM04B01T', 'PROGRAMACIÓN ORIENTADA A OBJETOS II', 4),
(5, 'FC-PREISI03D01M', 'GESTIÓN POR PROCESOS', 4);

INSERT INTO matriculas (id, alumno_id, curso_id, semestre) VALUES
(1, 19, 1, '2026-1'),
(2, 21, 1, '2026-1'),
(3, 30, 1, '2026-1'),
(4, 36, 1, '2026-1'),
(5, 39, 1, '2026-1'),
(6, 41, 1, '2026-1'),
(7, 50, 1, '2026-1'),
(8, 52, 1, '2026-1'),
(9, 54, 1, '2026-1'),
(10, 56, 1, '2026-1'),
(11, 60, 1, '2026-1'),
(12, 70, 1, '2026-1'),
(13, 77, 1, '2026-1'),
(14, 80, 1, '2026-1'),
(15, 88, 1, '2026-1'),
(16, 95, 1, '2026-1'),
(17, 104, 1, '2026-1'),
(18, 110, 1, '2026-1'),
(19, 122, 1, '2026-1'),
(20, 127, 1, '2026-1'),
(21, 134, 1, '2026-1'),
(22, 136, 1, '2026-1'),
(23, 137, 1, '2026-1'),
(24, 138, 1, '2026-1'),
(25, 143, 1, '2026-1'),
(26, 1, 2, '2026-1'),
(27, 3, 2, '2026-1'),
(28, 4, 2, '2026-1'),
(29, 5, 2, '2026-1'),
(30, 6, 2, '2026-1'),
(31, 7, 2, '2026-1'),
(32, 8, 2, '2026-1'),
(33, 9, 2, '2026-1'),
(34, 11, 2, '2026-1'),
(35, 12, 2, '2026-1'),
(36, 13, 2, '2026-1'),
(37, 14, 2, '2026-1'),
(38, 16, 2, '2026-1'),
(39, 17, 2, '2026-1'),
(40, 19, 2, '2026-1'),
(41, 22, 2, '2026-1'),
(42, 24, 2, '2026-1'),
(43, 26, 2, '2026-1'),
(44, 27, 2, '2026-1'),
(45, 28, 2, '2026-1'),
(46, 32, 2, '2026-1'),
(47, 33, 2, '2026-1'),
(48, 34, 2, '2026-1'),
(49, 47, 2, '2026-1'),
(50, 48, 2, '2026-1'),
(51, 49, 2, '2026-1'),
(52, 51, 2, '2026-1'),
(53, 53, 2, '2026-1'),
(54, 55, 2, '2026-1'),
(55, 61, 2, '2026-1'),
(56, 64, 2, '2026-1'),
(57, 66, 2, '2026-1'),
(58, 69, 2, '2026-1'),
(59, 70, 2, '2026-1'),
(60, 71, 2, '2026-1'),
(61, 72, 2, '2026-1'),
(62, 75, 2, '2026-1'),
(63, 76, 2, '2026-1'),
(64, 78, 2, '2026-1'),
(65, 82, 2, '2026-1'),
(66, 84, 2, '2026-1'),
(67, 87, 2, '2026-1'),
(68, 90, 2, '2026-1'),
(69, 92, 2, '2026-1'),
(70, 94, 2, '2026-1'),
(71, 97, 2, '2026-1'),
(72, 100, 2, '2026-1'),
(73, 101, 2, '2026-1'),
(74, 103, 2, '2026-1'),
(75, 106, 2, '2026-1'),
(76, 108, 2, '2026-1'),
(77, 115, 2, '2026-1'),
(78, 120, 2, '2026-1'),
(79, 123, 2, '2026-1'),
(80, 124, 2, '2026-1'),
(81, 129, 2, '2026-1'),
(82, 130, 2, '2026-1'),
(83, 131, 2, '2026-1'),
(84, 132, 2, '2026-1'),
(85, 140, 2, '2026-1'),
(86, 2, 3, '2026-1'),
(87, 10, 3, '2026-1'),
(88, 23, 3, '2026-1'),
(89, 25, 3, '2026-1'),
(90, 40, 3, '2026-1'),
(91, 42, 3, '2026-1'),
(92, 46, 3, '2026-1'),
(93, 57, 3, '2026-1'),
(94, 65, 3, '2026-1'),
(95, 68, 3, '2026-1'),
(96, 70, 3, '2026-1'),
(97, 79, 3, '2026-1'),
(98, 81, 3, '2026-1'),
(99, 89, 3, '2026-1'),
(100, 93, 3, '2026-1'),
(101, 99, 3, '2026-1'),
(102, 102, 3, '2026-1'),
(103, 108, 3, '2026-1'),
(104, 109, 3, '2026-1'),
(105, 118, 3, '2026-1'),
(106, 135, 3, '2026-1'),
(107, 139, 3, '2026-1'),
(108, 15, 4, '2026-1'),
(109, 20, 4, '2026-1'),
(110, 29, 4, '2026-1'),
(111, 35, 4, '2026-1'),
(112, 37, 4, '2026-1'),
(113, 38, 4, '2026-1'),
(114, 44, 4, '2026-1'),
(115, 45, 4, '2026-1'),
(116, 63, 4, '2026-1'),
(117, 67, 4, '2026-1'),
(118, 70, 4, '2026-1'),
(119, 74, 4, '2026-1'),
(120, 98, 4, '2026-1'),
(121, 105, 4, '2026-1'),
(122, 107, 4, '2026-1'),
(123, 111, 4, '2026-1'),
(124, 112, 4, '2026-1'),
(125, 113, 4, '2026-1'),
(126, 117, 4, '2026-1'),
(127, 126, 4, '2026-1'),
(128, 128, 4, '2026-1'),
(129, 133, 4, '2026-1'),
(130, 141, 4, '2026-1'),
(131, 142, 4, '2026-1'),
(132, 18, 5, '2026-1'),
(133, 19, 5, '2026-1'),
(134, 31, 5, '2026-1'),
(135, 39, 5, '2026-1'),
(136, 41, 5, '2026-1'),
(137, 43, 5, '2026-1'),
(138, 50, 5, '2026-1'),
(139, 58, 5, '2026-1'),
(140, 59, 5, '2026-1'),
(141, 62, 5, '2026-1'),
(142, 70, 5, '2026-1'),
(143, 73, 5, '2026-1'),
(144, 80, 5, '2026-1'),
(145, 83, 5, '2026-1'),
(146, 85, 5, '2026-1'),
(147, 86, 5, '2026-1'),
(148, 88, 5, '2026-1'),
(149, 91, 5, '2026-1'),
(150, 96, 5, '2026-1'),
(151, 104, 5, '2026-1'),
(152, 114, 5, '2026-1'),
(153, 116, 5, '2026-1'),
(154, 119, 5, '2026-1'),
(155, 121, 5, '2026-1'),
(156, 125, 5, '2026-1');

INSERT INTO notas (id, matricula_id, pc1, pc2, pc3, examen_parcial, examen_final, promedio_final) VALUES
(1, 1, 0.00, 0.00, 0.00, 0.00, 0.00, 0.00),
(2, 2, 0.00, 0.00, 0.00, 0.00, 0.00, 0.00),
(3, 3, 0.00, 0.00, 0.00, 0.00, 0.00, 0.00),
(4, 4, 0.00, 0.00, 0.00, 0.00, 0.00, 0.00),
(5, 5, 0.00, 0.00, 0.00, 0.00, 0.00, 0.00),
(6, 6, 0.00, 0.00, 0.00, 0.00, 0.00, 0.00),
(7, 7, 0.00, 0.00, 0.00, 0.00, 0.00, 0.00),
(8, 8, 0.00, 0.00, 0.00, 0.00, 0.00, 0.00),
(9, 9, 0.00, 0.00, 0.00, 0.00, 0.00, 0.00),
(10, 10, 0.00, 0.00, 0.00, 0.00, 0.00, 0.00),
(11, 11, 0.00, 0.00, 0.00, 0.00, 0.00, 0.00),
(12, 12, 0.00, 0.00, 0.00, 0.00, 0.00, 0.00),
(13, 13, 0.00, 0.00, 0.00, 0.00, 0.00, 0.00),
(14, 14, 0.00, 0.00, 0.00, 0.00, 0.00, 0.00),
(15, 15, 0.00, 0.00, 0.00, 0.00, 0.00, 0.00),
(16, 16, 0.00, 0.00, 0.00, 0.00, 0.00, 0.00),
(17, 17, 0.00, 0.00, 0.00, 0.00, 0.00, 0.00),
(18, 18, 0.00, 0.00, 0.00, 0.00, 0.00, 0.00),
(19, 19, 0.00, 0.00, 0.00, 0.00, 0.00, 0.00),
(20, 20, 0.00, 0.00, 0.00, 0.00, 0.00, 0.00),
(21, 21, 0.00, 0.00, 0.00, 0.00, 0.00, 0.00),
(22, 22, 0.00, 0.00, 0.00, 0.00, 0.00, 0.00),
(23, 23, 0.00, 0.00, 0.00, 0.00, 0.00, 0.00),
(24, 24, 0.00, 0.00, 0.00, 0.00, 0.00, 0.00),
(25, 25, 0.00, 0.00, 0.00, 0.00, 0.00, 0.00),
(26, 26, 0.00, 0.00, 0.00, 0.00, 0.00, 0.00),
(27, 27, 0.00, 0.00, 0.00, 0.00, 0.00, 0.00),
(28, 28, 0.00, 0.00, 0.00, 0.00, 0.00, 0.00),
(29, 29, 0.00, 0.00, 0.00, 0.00, 0.00, 0.00),
(30, 30, 0.00, 0.00, 0.00, 0.00, 0.00, 0.00),
(31, 31, 0.00, 0.00, 0.00, 0.00, 0.00, 0.00),
(32, 32, 0.00, 0.00, 0.00, 0.00, 0.00, 0.00),
(33, 33, 0.00, 0.00, 0.00, 0.00, 0.00, 0.00),
(34, 34, 0.00, 0.00, 0.00, 0.00, 0.00, 0.00),
(35, 35, 0.00, 0.00, 0.00, 0.00, 0.00, 0.00),
(36, 36, 0.00, 0.00, 0.00, 0.00, 0.00, 0.00),
(37, 37, 0.00, 0.00, 0.00, 0.00, 0.00, 0.00),
(38, 38, 0.00, 0.00, 0.00, 0.00, 0.00, 0.00),
(39, 39, 0.00, 0.00, 0.00, 0.00, 0.00, 0.00),
(40, 40, 0.00, 0.00, 0.00, 0.00, 0.00, 0.00),
(41, 41, 0.00, 0.00, 0.00, 0.00, 0.00, 0.00),
(42, 42, 0.00, 0.00, 0.00, 0.00, 0.00, 0.00),
(43, 43, 0.00, 0.00, 0.00, 0.00, 0.00, 0.00),
(44, 44, 0.00, 0.00, 0.00, 0.00, 0.00, 0.00),
(45, 45, 0.00, 0.00, 0.00, 0.00, 0.00, 0.00),
(46, 46, 0.00, 0.00, 0.00, 0.00, 0.00, 0.00),
(47, 47, 0.00, 0.00, 0.00, 0.00, 0.00, 0.00),
(48, 48, 0.00, 0.00, 0.00, 0.00, 0.00, 0.00),
(49, 49, 0.00, 0.00, 0.00, 0.00, 0.00, 0.00),
(50, 50, 0.00, 0.00, 0.00, 0.00, 0.00, 0.00),
(51, 51, 0.00, 0.00, 0.00, 0.00, 0.00, 0.00),
(52, 52, 0.00, 0.00, 0.00, 0.00, 0.00, 0.00),
(53, 53, 0.00, 0.00, 0.00, 0.00, 0.00, 0.00),
(54, 54, 0.00, 0.00, 0.00, 0.00, 0.00, 0.00),
(55, 55, 0.00, 0.00, 0.00, 0.00, 0.00, 0.00),
(56, 56, 0.00, 0.00, 0.00, 0.00, 0.00, 0.00),
(57, 57, 0.00, 0.00, 0.00, 0.00, 0.00, 0.00),
(58, 58, 0.00, 0.00, 0.00, 0.00, 0.00, 0.00),
(59, 59, 0.00, 0.00, 0.00, 0.00, 0.00, 0.00),
(60, 60, 0.00, 0.00, 0.00, 0.00, 0.00, 0.00),
(61, 61, 0.00, 0.00, 0.00, 0.00, 0.00, 0.00),
(62, 62, 0.00, 0.00, 0.00, 0.00, 0.00, 0.00),
(63, 63, 0.00, 0.00, 0.00, 0.00, 0.00, 0.00),
(64, 64, 0.00, 0.00, 0.00, 0.00, 0.00, 0.00),
(65, 65, 0.00, 0.00, 0.00, 0.00, 0.00, 0.00),
(66, 66, 0.00, 0.00, 0.00, 0.00, 0.00, 0.00),
(67, 67, 0.00, 0.00, 0.00, 0.00, 0.00, 0.00),
(68, 68, 0.00, 0.00, 0.00, 0.00, 0.00, 0.00),
(69, 69, 0.00, 0.00, 0.00, 0.00, 0.00, 0.00),
(70, 70, 0.00, 0.00, 0.00, 0.00, 0.00, 0.00),
(71, 71, 0.00, 0.00, 0.00, 0.00, 0.00, 0.00),
(72, 72, 0.00, 0.00, 0.00, 0.00, 0.00, 0.00),
(73, 73, 0.00, 0.00, 0.00, 0.00, 0.00, 0.00),
(74, 74, 0.00, 0.00, 0.00, 0.00, 0.00, 0.00),
(75, 75, 0.00, 0.00, 0.00, 0.00, 0.00, 0.00),
(76, 76, 0.00, 0.00, 0.00, 0.00, 0.00, 0.00),
(77, 77, 0.00, 0.00, 0.00, 0.00, 0.00, 0.00),
(78, 78, 0.00, 0.00, 0.00, 0.00, 0.00, 0.00),
(79, 79, 0.00, 0.00, 0.00, 0.00, 0.00, 0.00),
(80, 80, 0.00, 0.00, 0.00, 0.00, 0.00, 0.00),
(81, 81, 0.00, 0.00, 0.00, 0.00, 0.00, 0.00),
(82, 82, 0.00, 0.00, 0.00, 0.00, 0.00, 0.00),
(83, 83, 0.00, 0.00, 0.00, 0.00, 0.00, 0.00),
(84, 84, 0.00, 0.00, 0.00, 0.00, 0.00, 0.00),
(85, 85, 0.00, 0.00, 0.00, 0.00, 0.00, 0.00),
(86, 86, 0.00, 0.00, 0.00, 0.00, 0.00, 0.00),
(87, 87, 0.00, 0.00, 0.00, 0.00, 0.00, 0.00),
(88, 88, 0.00, 0.00, 0.00, 0.00, 0.00, 0.00),
(89, 89, 0.00, 0.00, 0.00, 0.00, 0.00, 0.00),
(90, 90, 0.00, 0.00, 0.00, 0.00, 0.00, 0.00),
(91, 91, 0.00, 0.00, 0.00, 0.00, 0.00, 0.00),
(92, 92, 0.00, 0.00, 0.00, 0.00, 0.00, 0.00),
(93, 93, 0.00, 0.00, 0.00, 0.00, 0.00, 0.00),
(94, 94, 0.00, 0.00, 0.00, 0.00, 0.00, 0.00),
(95, 95, 0.00, 0.00, 0.00, 0.00, 0.00, 0.00),
(96, 96, 0.00, 0.00, 0.00, 0.00, 0.00, 0.00),
(97, 97, 0.00, 0.00, 0.00, 0.00, 0.00, 0.00),
(98, 98, 0.00, 0.00, 0.00, 0.00, 0.00, 0.00),
(99, 99, 0.00, 0.00, 0.00, 0.00, 0.00, 0.00),
(100, 100, 0.00, 0.00, 0.00, 0.00, 0.00, 0.00),
(101, 101, 0.00, 0.00, 0.00, 0.00, 0.00, 0.00),
(102, 102, 0.00, 0.00, 0.00, 0.00, 0.00, 0.00),
(103, 103, 0.00, 0.00, 0.00, 0.00, 0.00, 0.00),
(104, 104, 0.00, 0.00, 0.00, 0.00, 0.00, 0.00),
(105, 105, 0.00, 0.00, 0.00, 0.00, 0.00, 0.00),
(106, 106, 0.00, 0.00, 0.00, 0.00, 0.00, 0.00),
(107, 107, 0.00, 0.00, 0.00, 0.00, 0.00, 0.00),
(108, 108, 0.00, 0.00, 0.00, 0.00, 0.00, 0.00),
(109, 109, 0.00, 0.00, 0.00, 0.00, 0.00, 0.00),
(110, 110, 0.00, 0.00, 0.00, 0.00, 0.00, 0.00),
(111, 111, 0.00, 0.00, 0.00, 0.00, 0.00, 0.00),
(112, 112, 0.00, 0.00, 0.00, 0.00, 0.00, 0.00),
(113, 113, 0.00, 0.00, 0.00, 0.00, 0.00, 0.00),
(114, 114, 0.00, 0.00, 0.00, 0.00, 0.00, 0.00),
(115, 115, 0.00, 0.00, 0.00, 0.00, 0.00, 0.00),
(116, 116, 0.00, 0.00, 0.00, 0.00, 0.00, 0.00),
(117, 117, 0.00, 0.00, 0.00, 0.00, 0.00, 0.00),
(118, 118, 0.00, 0.00, 0.00, 0.00, 0.00, 0.00),
(119, 119, 0.00, 0.00, 0.00, 0.00, 0.00, 0.00),
(120, 120, 0.00, 0.00, 0.00, 0.00, 0.00, 0.00),
(121, 121, 0.00, 0.00, 0.00, 0.00, 0.00, 0.00),
(122, 122, 0.00, 0.00, 0.00, 0.00, 0.00, 0.00),
(123, 123, 0.00, 0.00, 0.00, 0.00, 0.00, 0.00),
(124, 124, 0.00, 0.00, 0.00, 0.00, 0.00, 0.00),
(125, 125, 0.00, 0.00, 0.00, 0.00, 0.00, 0.00),
(126, 126, 0.00, 0.00, 0.00, 0.00, 0.00, 0.00),
(127, 127, 0.00, 0.00, 0.00, 0.00, 0.00, 0.00),
(128, 128, 0.00, 0.00, 0.00, 0.00, 0.00, 0.00),
(129, 129, 0.00, 0.00, 0.00, 0.00, 0.00, 0.00),
(130, 130, 0.00, 0.00, 0.00, 0.00, 0.00, 0.00),
(131, 131, 0.00, 0.00, 0.00, 0.00, 0.00, 0.00),
(132, 132, 0.00, 0.00, 0.00, 0.00, 0.00, 0.00),
(133, 133, 0.00, 0.00, 0.00, 0.00, 0.00, 0.00),
(134, 134, 0.00, 0.00, 0.00, 0.00, 0.00, 0.00),
(135, 135, 0.00, 0.00, 0.00, 0.00, 0.00, 0.00),
(136, 136, 0.00, 0.00, 0.00, 0.00, 0.00, 0.00),
(137, 137, 0.00, 0.00, 0.00, 0.00, 0.00, 0.00),
(138, 138, 0.00, 0.00, 0.00, 0.00, 0.00, 0.00),
(139, 139, 0.00, 0.00, 0.00, 0.00, 0.00, 0.00),
(140, 140, 0.00, 0.00, 0.00, 0.00, 0.00, 0.00),
(141, 141, 0.00, 0.00, 0.00, 0.00, 0.00, 0.00),
(142, 142, 0.00, 0.00, 0.00, 0.00, 0.00, 0.00),
(143, 143, 0.00, 0.00, 0.00, 0.00, 0.00, 0.00),
(144, 144, 0.00, 0.00, 0.00, 0.00, 0.00, 0.00),
(145, 145, 0.00, 0.00, 0.00, 0.00, 0.00, 0.00),
(146, 146, 0.00, 0.00, 0.00, 0.00, 0.00, 0.00),
(147, 147, 0.00, 0.00, 0.00, 0.00, 0.00, 0.00),
(148, 148, 0.00, 0.00, 0.00, 0.00, 0.00, 0.00),
(149, 149, 0.00, 0.00, 0.00, 0.00, 0.00, 0.00),
(150, 150, 0.00, 0.00, 0.00, 0.00, 0.00, 0.00),
(151, 151, 0.00, 0.00, 0.00, 0.00, 0.00, 0.00),
(152, 152, 0.00, 0.00, 0.00, 0.00, 0.00, 0.00),
(153, 153, 0.00, 0.00, 0.00, 0.00, 0.00, 0.00),
(154, 154, 0.00, 0.00, 0.00, 0.00, 0.00, 0.00),
(155, 155, 0.00, 0.00, 0.00, 0.00, 0.00, 0.00),
(156, 156, 0.00, 0.00, 0.00, 0.00, 0.00, 0.00);

-- =========================================================================
-- SINCRONIZACIÓN DE SECUENCIAS (setval)
-- =========================================================================
SELECT setval(pg_get_serial_sequence('configuracion_institucion', 'id'), coalesce(max(id), 1)) FROM configuracion_institucion;
SELECT setval(pg_get_serial_sequence('roles', 'id'), coalesce(max(id), 1)) FROM roles;
SELECT setval(pg_get_serial_sequence('usuarios', 'id'), coalesce(max(id), 1)) FROM usuarios;
SELECT setval(pg_get_serial_sequence('docentes', 'id'), coalesce(max(id), 1)) FROM docentes;
SELECT setval(pg_get_serial_sequence('alumnos', 'id'), coalesce(max(id), 1)) FROM alumnos;
SELECT setval(pg_get_serial_sequence('cursos', 'id'), coalesce(max(id), 1)) FROM cursos;
SELECT setval(pg_get_serial_sequence('matriculas', 'id'), coalesce(max(id), 1)) FROM matriculas;
SELECT setval(pg_get_serial_sequence('notas', 'id'), coalesce(max(id), 1)) FROM notas;